{"current": 3514.79, "baseline": 3519.97, "target": 3619.97, "progress": -5.179999999999836, "target_inc": 100.0, "timestamp": 1772186563.926698}