{"current": 643.96, "baseline": 593.03, "target": 693.03, "progress": 50.930000000000064, "target_inc": 100.0, "timestamp": 1772302033.4235907}