{"current": 848.88, "baseline": 593.03, "target": 693.03, "progress": 255.85000000000002, "target_inc": 100.0, "timestamp": 1772319956.2989633}